City_ID,City,Lat,Lng,Max Temp,Humidity,Cloudiness,Wind Speed,Country,Date
0,vaini,-21.2,-175.2,77.0,73,75,6.93,TO,1590447781
1,barrow,71.29,-156.79,32.0,95,90,10.29,US,1590447781
2,potchefstroom,-26.72,27.1,51.49,46,0,9.15,ZA,1590447781
3,gigmoto,13.78,124.39,82.96,82,90,8.48,PH,1590447712
4,abu dhabi,24.47,54.37,87.8,52,66,4.7,AE,1590447606
5,winchester,51.07,-1.32,59.0,62,60,2.24,GB,1590447707
6,faanui,-16.48,-151.75,81.72,80,98,10.94,PF,1590447782
7,hobart,-42.88,147.33,35.6,93,20,9.17,AU,1590447564
8,aklavik,68.22,-135.01,60.8,41,40,8.05,CA,1590447552
9,esperance,-33.87,121.9,46.4,81,75,17.22,AU,1590447487
10,rikitea,-23.12,-134.97,73.53,75,69,20.74,PF,1590447782
11,mahebourg,-20.41,57.7,73.4,83,75,16.11,MU,1590447782
12,tiksi,71.69,128.87,34.92,96,100,11.9,RU,1590447782
13,barranca,-10.75,-77.77,65.43,83,24,3.31,PE,1590447782
14,assiniboia,49.63,-105.98,69.67,29,29,7.02,CA,1590447782
15,punta arenas,-53.15,-70.92,42.8,87,90,23.04,CL,1590447760
16,longyearbyen,78.22,15.64,41.0,75,75,6.93,SJ,1590447719
17,hithadhoo,-0.6,73.08,83.01,76,93,6.93,MV,1590447783
18,leh,34.17,77.58,43.99,50,90,9.73,IN,1590447783
19,busselton,-33.65,115.33,51.01,92,91,8.81,AU,1590447783
20,maniitsoq,65.42,-52.9,31.8,94,99,7.25,GL,1590447783
21,te anau,-45.42,167.72,46.92,77,34,0.58,NZ,1590447783
22,sao filipe,14.9,-24.5,73.99,76,45,2.89,CV,1590447506
23,mar del plata,-38.0,-57.56,53.6,76,90,13.87,AR,1590447604
24,tuktoyaktuk,69.45,-133.04,44.6,65,20,13.87,CA,1590447489
25,jhanjharpur,26.27,86.28,81.95,78,18,18.57,IN,1590447784
26,butaritari,3.07,172.79,82.38,78,33,11.61,KI,1590447784
27,upernavik,72.79,-56.15,30.13,98,100,11.01,GL,1590447784
28,albany,42.6,-73.97,78.01,50,26,8.88,US,1590447603
29,kapaa,22.08,-159.32,80.6,69,1,9.17,US,1590447784
30,east london,-33.02,27.91,62.31,35,28,28.86,ZA,1590447488
31,lauingen,48.57,10.43,51.01,84,0,1.61,DE,1590447786
32,new norfolk,-42.78,147.06,35.01,91,1,1.95,AU,1590447786
33,hofn,64.25,-15.21,46.35,80,48,29.08,IS,1590447784
34,mapiripan,2.89,-72.13,76.44,92,93,4.41,CO,1590447786
35,ribeira grande,38.52,-28.7,64.99,89,6,16.11,PT,1590447519
36,cape town,-33.93,18.42,53.01,93,40,3.36,ZA,1590447662
37,pimenta bueno,-11.67,-61.19,70.95,89,38,2.82,BR,1590447786
38,bethel,41.37,-73.41,68.0,77,75,3.36,US,1590447786
39,ushuaia,-54.8,-68.3,44.6,75,75,19.46,AR,1590447785
40,espanola,35.99,-106.08,64.99,23,90,5.82,US,1590447661
41,dubai,25.26,55.3,89.6,40,0,3.36,AE,1590447743
42,vao,-22.67,167.48,74.57,76,72,7.76,NC,1590447787
43,monte carmelo,-18.72,-47.5,57.24,83,100,5.23,BR,1590447787
44,kashin,57.36,37.61,43.12,87,33,4.74,RU,1590447788
45,torbay,47.67,-52.73,55.4,35,90,21.92,CA,1590447788
46,thompson,55.74,-97.86,66.2,37,75,11.41,CA,1590447788
47,college,64.86,-147.8,55.4,71,90,8.05,US,1590447789
48,ambilobe,-13.2,49.05,65.5,94,0,3.65,MG,1590447498
49,huarmey,-10.07,-78.15,68.05,79,27,5.61,PE,1590447789
50,kahramanmaras,38.0,37.0,57.2,67,0,3.36,TR,1590447789
51,ust-maya,60.42,134.53,65.84,48,66,5.93,RU,1590447789
52,saint-augustin,51.23,-58.65,49.93,62,83,19.46,CA,1590447491
53,syracuse,37.09,15.28,66.2,77,0,6.93,IT,1590447789
54,nanortalik,60.14,-45.24,36.77,81,100,12.44,GL,1590447789
55,boa vista,2.82,-60.67,87.8,58,20,3.36,BR,1590447790
56,mazagao,-0.12,-51.29,84.2,79,20,8.05,BR,1590447790
57,kavaratti,10.57,72.64,85.26,75,96,10.31,IN,1590447790
58,saint-philippe,-21.36,55.77,71.6,83,39,11.41,RE,1590447790
59,port hardy,50.7,-127.42,57.2,71,75,13.87,CA,1590447790
60,cap malheureux,-19.98,57.61,73.4,83,75,16.11,MU,1590447790
61,asau,46.43,26.4,48.2,93,97,1.12,RO,1590447790
62,oranjemund,-28.55,16.43,53.83,79,59,5.84,NA,1590447642
63,codrington,-38.27,141.97,46.24,81,89,7.07,AU,1590447733
64,narsaq,60.92,-46.05,42.8,60,60,16.11,GL,1590447784
65,touros,-5.2,-35.46,78.8,94,20,3.36,BR,1590447791
66,northam,51.03,-4.22,48.99,87,23,3.0,GB,1590447791
67,joshimath,30.57,79.57,57.92,34,0,7.31,IN,1590447791
68,mehamn,71.04,27.85,48.2,61,0,3.36,NO,1590447508
69,antalaha,-14.9,50.28,70.41,83,35,7.0,MG,1590447791
70,contamana,-7.33,-75.02,76.87,66,0,2.95,PE,1590447792
71,bluff,-46.6,168.33,51.69,78,96,3.89,NZ,1590447792
72,teguldet,57.31,88.17,52.72,95,92,3.85,RU,1590447792
73,atuona,-9.8,-139.03,81.0,75,75,15.26,PF,1590447792
74,zelenoborskiy,66.84,32.36,42.08,84,100,1.83,RU,1590447792
75,parkes,-33.13,148.18,49.23,78,39,3.65,AU,1590447792
76,sinnamary,5.38,-52.95,79.02,85,73,7.05,GF,1590447793
77,mao,39.89,4.27,62.6,88,0,4.7,ES,1590447544
78,pevek,69.7,170.31,31.01,96,36,1.74,RU,1590447793
79,danville,36.59,-79.39,73.0,73,90,2.17,US,1590447588
80,avarua,-21.21,-159.78,80.6,65,83,4.7,CK,1590447793
81,chuy,-33.7,-53.46,55.54,73,100,15.39,UY,1590447793
82,moron,-34.65,-58.62,60.01,70,58,5.99,AR,1590447793
83,lagoa,39.05,-27.98,64.35,89,1,17.65,PT,1590447783
84,georgetown,5.41,100.34,80.6,94,20,3.36,MY,1590447793
85,gat,31.61,34.76,66.0,72,0,2.24,IL,1590447722
86,saskylakh,71.92,114.08,37.81,88,100,14.65,RU,1590447794
87,tautira,-17.73,-149.15,82.4,78,75,5.82,PF,1590447794
88,coihaique,-45.58,-72.07,46.4,75,40,6.93,CL,1590447520
89,port elizabeth,-33.92,25.57,59.0,41,31,26.4,ZA,1590447596
90,leningradskiy,69.38,178.42,31.44,97,99,6.13,RU,1590447794
91,mataura,-46.19,168.86,49.03,83,93,2.39,NZ,1590447795
92,nuuk,64.18,-51.72,32.0,95,100,11.41,GL,1590447795
93,san cristobal,7.77,-72.22,95.0,39,40,16.11,VE,1590447795
94,yulara,-25.24,130.99,51.8,93,90,6.93,AU,1590447795
95,plymouth,41.83,-70.83,71.6,82,1,6.93,US,1590447558
96,kruisfontein,-34.0,24.73,49.08,66,17,22.68,ZA,1590447795
97,kapoeta,4.77,33.59,77.05,69,99,5.59,SS,1590447795
98,margate,51.38,1.39,55.0,81,45,1.99,GB,1590447795
99,hovd,48.01,91.64,59.97,38,84,0.34,MN,1590447795
100,kavieng,-2.57,150.8,84.65,70,33,7.7,PG,1590447796
101,den helder,52.96,4.76,52.0,100,17,3.36,NL,1590447796
102,siuna,13.73,-84.78,87.91,65,38,5.06,NI,1590447796
103,ketchikan,55.34,-131.65,55.4,66,40,10.29,US,1590447796
104,hamilton,39.18,-84.53,82.99,74,1,10.29,US,1590447646
105,zhangjiakou,40.81,114.88,57.58,46,10,5.17,CN,1590447700
106,kodiak,57.79,-152.41,50.0,66,90,10.29,US,1590447796
107,kumluca,36.37,30.29,67.03,52,0,3.85,TR,1590447797
108,tessalit,20.2,1.01,86.72,14,86,4.27,ML,1590447797
109,khatanga,71.97,102.5,36.41,84,100,7.2,RU,1590447797
110,koufalia,40.78,22.57,61.0,76,0,3.38,GR,1590447797
111,monroe,43.15,-77.68,84.99,54,20,4.7,US,1590447520
112,broken hill,-31.95,141.43,42.8,81,58,4.7,AU,1590447797
113,qaanaaq,77.48,-69.36,32.29,90,53,4.47,GL,1590447797
114,ilo,-17.64,-71.34,62.6,79,0,2.8,PE,1590447659
115,tilichiki,60.47,166.1,37.02,83,6,1.83,RU,1590447798
116,caninde de sao francisco,-9.66,-37.79,75.54,85,16,7.49,BR,1590447608
117,flinders,-34.58,150.86,55.99,96,94,3.0,AU,1590447798
118,englewood,39.65,-104.99,66.0,38,75,10.29,US,1590447513
119,port alfred,-33.59,26.89,60.01,44,10,10.0,ZA,1590447798
120,katsuura,35.13,140.3,72.0,88,75,2.24,JP,1590447798
121,shakiso,5.75,38.92,60.84,97,96,1.45,ET,1590447799
122,galeana,24.83,-100.07,89.01,11,30,14.0,MX,1590447799
123,berlevag,70.86,29.09,45.39,81,13,4.68,NO,1590447784
124,vestmannaeyjar,63.44,-20.27,46.24,78,99,27.74,IS,1590447799
125,hilo,19.73,-155.09,80.6,61,90,4.7,US,1590447606
126,nang rong,14.64,102.79,77.74,89,100,7.56,TH,1590447799
127,nikolskoye,59.7,30.79,46.4,61,10,4.47,RU,1590447799
128,port blair,11.67,92.75,82.94,81,100,8.52,IN,1590447799
129,mount gambier,-37.83,140.77,39.2,100,99,8.05,AU,1590447550
130,carnarvon,-24.87,113.63,61.56,71,38,18.97,AU,1590447800
131,along,28.17,94.77,66.13,89,100,2.28,IN,1590447800
132,sao joao da barra,-21.64,-41.05,72.99,91,42,11.48,BR,1590447565
133,haines junction,60.75,-137.51,52.83,40,36,9.15,CA,1590447800
134,clyde river,70.47,-68.59,26.6,86,75,10.29,CA,1590447800
135,lorengau,-2.02,147.27,85.06,70,35,6.17,PG,1590447666
136,kaeo,-35.1,173.78,66.0,3,98,1.01,NZ,1590447800
137,souillac,-20.52,57.52,73.4,83,75,16.11,MU,1590447801
138,taltal,-25.4,-70.48,57.97,79,50,4.29,CL,1590447801
139,oromocto,45.84,-66.48,66.2,48,1,16.11,CA,1590447801
140,omsukchan,62.53,155.8,35.08,83,0,2.82,RU,1590447801
141,sesvete,45.83,16.12,55.0,87,87,6.93,HR,1590447801
142,urucara,-2.54,-57.76,75.94,95,56,0.81,BR,1590447801
143,qasigiannguit,68.82,-51.19,28.4,79,72,4.7,GL,1590447801
144,vrangel,42.73,133.08,50.58,88,3,10.11,RU,1590447801
145,shingu,33.73,135.98,71.91,65,68,0.76,JP,1590447549
146,rio gallegos,-51.62,-69.22,44.6,87,90,11.41,AR,1590447802
147,dikson,73.51,80.55,29.12,95,100,22.77,RU,1590447802
148,lebu,-37.62,-73.65,56.12,82,0,8.97,CL,1590447802
149,tasiilaq,65.61,-37.64,37.4,74,45,16.11,GL,1590447802
150,hermanus,-34.42,19.23,46.99,98,91,14.32,ZA,1590447802
151,gadsden,34.01,-86.01,87.8,45,20,8.05,US,1590447802
152,pangnirtung,66.15,-65.71,37.4,55,90,14.99,CA,1590447802
153,mangrol,21.12,70.12,81.82,84,0,11.9,IN,1590447802
154,el carmen,8.51,-73.45,75.92,88,100,2.28,CO,1590447802
155,guerrero negro,27.98,-114.06,70.54,60,93,16.89,MX,1590447802
156,aykhal,66.0,111.5,48.2,93,90,4.47,RU,1590447803
157,prabumulih,-3.45,104.25,75.34,98,94,1.9,ID,1590447803
158,bathsheba,13.22,-59.52,82.4,74,20,13.87,BB,1590447514
159,sayyan,15.17,44.32,60.89,63,60,2.55,YE,1590447803
160,lozuvatka,48.06,33.29,51.8,81,99,6.71,UA,1590447723
161,kaitangata,-46.28,169.85,50.0,84,76,4.0,NZ,1590447803
162,la ronge,55.1,-105.28,73.4,35,75,10.29,CA,1590447803
163,kurayoshi,35.43,133.82,68.0,88,75,2.24,JP,1590447803
164,slave lake,55.28,-114.77,60.8,55,75,9.17,CA,1590447588
165,rodionovo-nesvetayskaya,47.61,39.71,53.01,93,40,13.42,RU,1590447804
166,hauterive,46.09,3.45,59.0,67,4,5.82,FR,1590447804
167,kunming,25.04,102.72,59.0,93,90,11.18,CN,1590447629
168,olkhovka,53.21,60.61,50.36,67,0,8.01,RU,1590447804
169,santo antonio do ica,-3.1,-67.94,77.11,79,84,1.43,BR,1590447804
170,le port,-20.94,55.29,69.8,88,8,11.41,RE,1590447804
171,bredasdorp,-34.53,20.04,50.0,81,42,10.29,ZA,1590447804
172,provideniya,64.38,-173.3,35.6,80,75,11.18,RU,1590447806
173,puerto ayora,-0.74,-90.35,82.4,61,40,12.75,EC,1590447806
174,kansanshi,-12.1,26.43,57.72,68,0,3.33,ZM,1590447806
175,roald,62.58,6.13,50.0,81,100,8.05,NO,1590447666
176,evensk,61.95,159.23,39.85,72,99,8.68,RU,1590447806
177,srednekolymsk,67.45,153.68,52.72,39,5,7.38,RU,1590447806
178,shiyan,32.65,110.78,66.47,68,89,6.33,CN,1590447806
179,arraial do cabo,-22.97,-42.03,64.4,100,8,4.38,BR,1590447806
180,kindersley,51.47,-109.17,75.2,22,75,14.99,CA,1590447651
181,kurumkan,54.3,110.3,60.58,44,8,2.66,RU,1590447807
182,kloulklubed,7.04,134.26,80.6,88,75,5.82,PW,1590447807
183,lingao,19.91,109.69,83.21,77,87,3.33,CN,1590447807
184,chokurdakh,70.63,147.92,37.83,79,100,6.6,RU,1590447807
185,carrizal,10.35,-66.99,82.99,46,100,3.29,VE,1590447807
186,sena madureira,-9.07,-68.66,74.12,76,28,2.01,BR,1590447807
187,kholmy,51.87,32.6,49.48,94,100,5.82,UA,1590447807
188,jaru,-10.44,-62.47,70.74,89,72,2.33,BR,1590447649
189,bambous virieux,-20.34,57.76,73.4,83,75,16.11,MU,1590447808
190,pemangkat,1.17,108.97,79.3,89,78,4.41,ID,1590447808
191,peniche,39.36,-9.38,64.99,88,0,5.99,PT,1590447808
192,tura,25.52,90.22,74.03,95,100,10.94,IN,1590447808
193,svetlaya,46.54,138.33,46.63,88,100,6.04,RU,1590447808
194,vilhena,-12.74,-60.15,69.8,83,20,5.82,BR,1590447626
195,amazar,53.86,120.88,60.67,43,35,3.02,RU,1590447809
196,det udom,14.91,105.08,77.0,94,40,3.36,TH,1590447809
197,vardo,70.37,31.11,50.0,57,2,6.93,NO,1590447784
198,jamestown,42.1,-79.24,82.99,54,1,4.7,US,1590447770
199,conde,-7.26,-34.91,77.0,100,75,4.76,BR,1590447810
200,fort nelson,58.81,-122.7,60.8,44,75,10.29,CA,1590447646
201,batagay,67.63,134.63,60.31,60,53,4.27,RU,1590447811
202,thunder bay,48.4,-89.32,62.6,72,90,13.87,CA,1590447812
203,chapais,49.78,-74.85,60.8,93,90,6.78,CA,1590447812
204,hasaki,35.73,140.83,71.01,88,75,6.93,JP,1590447812
205,saldanha,-33.01,17.94,50.0,87,88,2.24,ZA,1590447813
206,kuytun,54.34,101.5,56.84,74,100,6.82,RU,1590447813
207,akmene,56.25,22.75,44.6,87,16,4.7,LT,1590447814
208,sambava,-14.27,50.17,71.08,86,20,9.75,MG,1590447814
209,muros,42.78,-9.06,64.0,55,0,10.0,ES,1590447626
210,linxia,35.6,103.21,47.95,72,100,3.2,CN,1590447816
211,zhigansk,66.77,123.37,60.57,61,35,13.96,RU,1590447550
212,luanda,-8.84,13.23,78.8,83,40,5.82,AO,1590447605
213,bambanglipuro,-7.95,110.28,77.56,87,95,3.2,ID,1590447562
214,bengkulu,-3.8,102.27,78.21,80,97,4.5,ID,1590447817
215,missungwi,-2.85,33.08,69.17,73,48,2.98,TZ,1590447818
216,pingdingshan,33.74,113.3,66.54,68,99,10.38,CN,1590447818
217,clarence town,-32.58,151.78,66.99,93,75,8.05,AU,1590447818
218,russell,32.35,-85.2,80.6,61,75,12.75,US,1590447527
219,severo-kurilsk,50.68,156.12,40.17,87,100,7.99,RU,1590447819
220,camana,-16.62,-72.71,65.57,71,0,3.62,PE,1590447819
221,hualmay,-11.1,-77.61,66.18,80,21,4.07,PE,1590447534
222,lekoni,-1.58,14.26,76.3,83,99,2.48,GA,1590447819
223,nome,64.5,-165.41,48.0,93,75,12.75,US,1590447819
224,mattawa,46.74,-119.9,73.0,68,100,8.05,US,1590447819
225,geraldton,-28.77,114.6,57.2,87,75,6.93,AU,1590447819
226,olavarria,-36.89,-60.32,54.0,72,32,1.99,AR,1590447559
227,haapiti,-17.57,-149.87,82.4,78,75,5.82,PF,1590447820
228,vila velha,-20.33,-40.29,73.99,94,100,2.24,BR,1590447672
229,ponta do sol,32.67,-17.1,75.2,41,20,12.75,PT,1590447820
230,verkhnyaya inta,65.98,60.31,36.82,80,1,8.5,RU,1590447820
231,basoko,1.24,23.62,73.94,87,26,2.42,CD,1590447820
232,dinghai,26.28,119.79,75.2,94,75,8.95,CN,1590447820
233,najran,17.49,44.13,86.0,15,40,6.93,SA,1590447820
234,dahra,36.25,0.85,75.2,41,98,9.17,DZ,1590447820
235,kpandu,7.0,0.29,75.76,78,100,3.69,GH,1590447821
236,lamu,-2.27,40.9,78.31,88,5,10.33,KE,1590447821
237,iqaluit,63.75,-68.51,32.0,98,90,2.24,CA,1590447821
238,parrita,9.52,-84.32,75.2,83,75,3.36,CR,1590447821
239,mednogorsk,51.41,57.59,54.36,63,0,20.69,RU,1590447821
240,mount isa,-20.73,139.5,53.6,58,31,4.7,AU,1590447821
241,bonnyville,54.27,-110.73,75.2,31,90,2.24,CA,1590447583
242,havre-saint-pierre,50.23,-63.6,62.6,39,75,4.7,CA,1590447821
243,namibe,-15.2,12.15,70.79,66,0,4.21,AO,1590447821
244,aloleng,16.13,119.78,84.76,71,38,4.36,PH,1590447821
245,santiago,-33.46,-70.65,77.0,20,5,2.24,CL,1590447601
246,faya,18.39,42.45,71.6,30,40,12.75,SA,1590447529
247,victoria,22.29,114.16,84.0,83,100,8.01,HK,1590447556
248,klaksvik,62.23,-6.59,48.2,87,0,18.34,FO,1590447822
249,hobyo,5.35,48.53,82.2,78,0,24.34,SO,1590447822
250,bara,10.37,10.73,80.83,68,100,4.63,NG,1590447822
251,muyezerskiy,63.93,31.65,40.48,70,94,2.21,RU,1590447822
252,bajil,15.06,43.29,87.33,61,34,5.99,YE,1590447822
253,montego bay,18.47,-77.92,88.0,79,0,4.07,JM,1590447823
254,fairbanks,64.84,-147.72,55.4,87,90,9.17,US,1590447823
255,odweyne,9.41,45.06,76.48,65,44,11.12,SO,1590447823
256,buraydah,26.33,43.98,82.4,26,61,10.29,SA,1590447823
257,dudinka,69.41,86.18,33.8,74,40,6.71,RU,1590447823
258,portobelo,9.55,-79.65,84.99,83,40,2.24,PA,1590447823
259,bereda,43.27,-7.54,55.99,89,1,10.0,ES,1590447823
260,luxor,25.7,32.64,72.59,20,0,6.15,EG,1590447823
261,fare,-16.7,-151.02,83.26,77,100,9.26,PF,1590447823
262,tarata,-17.62,-66.02,68.0,19,0,4.7,BO,1590447824
263,bowen,-20.02,148.23,66.0,93,0,3.36,AU,1590447824
264,vila do maio,15.13,-23.22,73.4,73,20,8.05,CV,1590447824
265,aasiaat,68.71,-52.87,29.07,93,71,6.46,GL,1590447784
266,kieta,-6.22,155.63,85.98,67,90,7.43,PG,1590447578
267,marsa matruh,31.35,27.25,66.2,77,20,8.84,EG,1590447679
268,longkou,37.65,120.33,59.43,87,100,8.46,CN,1590447824
269,ierapetra,35.01,25.74,66.99,70,52,7.0,GR,1590447824
270,nabire,-3.37,135.48,79.59,82,33,2.71,ID,1590447825
271,humaita,-7.51,-63.02,77.27,78,45,2.35,BR,1590447825
272,foam lake,51.65,-103.53,68.32,42,76,5.93,CA,1590447825
273,carutapera,-1.2,-46.02,77.14,88,0,5.12,BR,1590447825
274,luderitz,-26.65,15.16,60.8,63,69,12.75,NA,1590447825
275,itaituba,-4.28,-55.98,77.05,90,4,1.07,BR,1590447628
276,lavrentiya,65.58,-171.0,33.57,96,100,4.27,RU,1590447825
277,sharan,54.82,54.0,46.63,85,0,2.44,RU,1590447825
278,danielskuil,-28.19,23.54,44.01,76,55,22.59,ZA,1590447825
279,soe,-9.86,124.28,68.7,100,86,2.91,ID,1590447826
280,ovalle,-30.6,-71.2,55.09,73,9,2.37,CL,1590447826
281,asosa,10.07,34.53,65.01,95,78,2.17,ET,1590447725
282,benguela,-12.58,13.41,71.74,79,0,2.53,AO,1590447826
283,iquitos,-3.75,-73.25,71.6,88,90,3.36,PE,1590447826
284,gornyy,55.12,83.91,61.05,97,80,6.55,RU,1590447826
285,businga,3.33,20.88,73.89,87,56,1.63,CD,1590447826
286,adrar,20.5,-10.07,85.68,18,0,7.0,MR,1590447826
287,huangnihe,43.56,128.02,51.46,70,2,8.25,CN,1590447827
288,itarema,-2.92,-39.92,77.43,87,0,6.98,BR,1590447827
289,broome,42.25,-75.83,79.0,60,1,5.82,US,1590447827
290,awjilah,29.11,21.29,71.74,40,0,10.09,LY,1590447784
291,bud,39.45,-86.18,84.2,58,1,9.17,US,1590447827
292,ramotswa,-24.87,25.87,55.4,43,0,5.82,BW,1590447827
293,pisco,-13.7,-76.22,64.4,82,90,6.93,PE,1590447827
294,dhamtari,20.71,81.55,86.05,37,3,10.04,IN,1590447827
295,talara,-4.58,-81.27,68.86,84,52,11.65,PE,1590447669
296,grindavik,63.84,-22.43,42.8,93,75,10.29,IS,1590447828
297,ziyang,29.25,117.85,66.63,95,100,1.36,CN,1590447828
298,loa janan,-0.58,117.09,76.82,92,75,1.54,ID,1590447828
299,castro,-24.79,-50.01,49.59,68,0,10.6,BR,1590447828
300,nahariyya,33.01,35.09,66.11,69,0,2.8,IL,1590447828
301,filingue,14.35,3.32,95.11,25,82,10.8,NE,1590447828
302,nioro,13.35,-15.75,74.95,68,1,7.65,GM,1590447828
303,navirai,-23.07,-54.19,55.65,63,0,3.96,BR,1590447641
304,usinsk,65.99,57.53,38.7,73,12,13.27,RU,1590447828
305,hami,42.8,93.45,64.02,40,5,6.58,CN,1590447829
306,zyryanka,65.75,150.85,51.06,43,100,11.97,RU,1590447829
307,hambantota,6.12,81.12,81.7,79,99,12.57,LK,1590447829
308,kalianget,-7.05,113.93,81.72,77,76,3.96,ID,1590447532
309,cockburn town,21.46,-71.14,81.16,86,76,14.14,TC,1590447609
310,isangel,-19.55,169.27,78.8,74,20,11.72,VU,1590447829
311,kushmurun,52.45,64.63,57.43,60,4,17.18,KZ,1590447829
312,tiarei,-17.53,-149.33,82.4,78,75,5.82,PF,1590447829
313,tuatapere,-46.13,167.68,50.52,81,94,2.62,NZ,1590447830
314,opuwo,-18.06,13.84,53.94,69,1,2.17,NA,1590447618
315,yellowknife,62.46,-114.35,46.4,49,20,10.29,CA,1590447830
316,peterhead,57.51,-1.8,57.2,62,100,8.05,GB,1590447830
317,ola,59.58,151.28,41.54,74,83,5.57,RU,1590447830
318,okato,-39.2,173.88,55.0,76,88,15.01,NZ,1590447831
319,zverinogolovskoye,54.46,64.85,51.24,73,1,9.1,RU,1590447831
320,punta de piedra,7.62,-71.49,78.03,88,48,2.15,VE,1590447831
321,grand-lahou,5.14,-5.02,77.5,90,100,1.57,CI,1590447831
322,lompoc,34.64,-120.46,77.0,60,1,13.87,US,1590447832
323,schubelbach,47.17,8.93,52.0,74,6,1.99,CH,1590447832
324,talnakh,69.49,88.4,33.8,74,40,6.71,RU,1590447832
325,borba,-4.39,-59.59,75.92,93,39,1.45,BR,1590447832
326,puerto leguizamo,-0.19,-74.78,74.66,97,45,2.39,CO,1590447832
327,kingsville,27.52,-97.86,80.6,74,40,11.41,US,1590447832
328,taoudenni,22.68,-3.98,90.93,18,6,6.96,ML,1590447832
329,bubaque,11.28,-15.83,78.85,82,0,16.67,GW,1590447832
330,acajutla,13.59,-89.83,91.4,49,20,3.36,SV,1590447832
331,cuiluan,47.72,128.65,49.01,90,100,4.27,CN,1590447833
332,batagay-alyta,67.8,130.41,51.8,76,65,3.02,RU,1590447833
333,kamaishi,39.27,141.88,63.55,65,100,2.48,JP,1590447833
334,cape coast,5.11,-1.25,77.86,87,100,1.21,GH,1590447580
335,nikki,9.94,3.21,76.8,80,99,6.24,BJ,1590447833
336,shafranovo,53.97,54.77,45.23,90,0,4.41,RU,1590447833
337,poshtove,44.83,33.95,48.85,78,89,2.01,UA,1590447833
338,mabaruma,8.2,-59.78,78.01,85,88,4.76,GY,1590447833
339,portland,45.52,-122.68,68.0,72,75,3.36,US,1590447827
340,panama city,8.99,-79.52,84.99,79,40,4.7,PA,1590447834
341,zhicheng,30.3,111.5,66.0,96,91,2.77,CN,1590447834
342,ahuimanu,21.44,-157.84,82.4,58,40,9.17,US,1590447834
343,port macquarie,-31.43,152.92,64.0,80,78,3.0,AU,1590447834
344,galesong,-5.32,119.37,77.0,100,20,1.12,ID,1590447834
345,forbes,-33.38,148.02,50.18,75,22,3.29,AU,1590447835
346,labuan,5.28,115.24,78.8,100,75,5.79,MY,1590447641
347,parakan,-6.42,106.01,75.67,93,100,1.43,ID,1590447835
348,tecoanapa,16.52,-98.75,84.25,62,0,13.2,MX,1590447835
349,cidreira,-30.18,-50.21,60.35,67,53,21.32,BR,1590447806
350,preveza,38.95,20.75,60.8,82,20,6.42,GR,1590447835
351,the valley,18.22,-63.06,82.99,76,90,8.99,AI,1590447563
352,ancud,-41.87,-73.82,54.0,81,88,11.41,CL,1590447835
353,caloundra,-26.8,153.13,66.99,54,0,3.0,AU,1590447835
354,cotonou,6.37,2.42,77.0,88,40,4.03,BJ,1590447836
355,port hedland,-20.32,118.57,60.8,93,1,9.17,AU,1590447836
356,athens,37.98,23.72,64.0,87,75,8.57,GR,1590447716
357,reshetylivka,49.56,34.08,52.14,92,100,7.9,UA,1590447837
358,bueu,42.32,-8.79,62.6,72,0,6.93,ES,1590447837
359,pala,9.36,14.9,77.92,78,99,5.08,TD,1590447837
360,dracena,-21.48,-51.53,57.02,67,0,5.61,BR,1590447837
361,pacific grove,36.62,-121.92,82.4,47,1,5.82,US,1590447751
362,belyy yar,53.6,91.39,64.4,63,68,6.71,RU,1590447838
363,tual,-5.67,132.75,81.34,80,65,17.27,ID,1590447838
364,diplo,24.47,69.58,78.58,86,1,14.67,PK,1590447838
365,sitka,57.05,-135.33,50.0,76,75,11.41,US,1590447838
366,teahupoo,-17.83,-149.27,82.4,78,75,5.82,PF,1590447838
367,el fuerte,26.42,-108.62,92.16,29,15,17.54,MX,1590447838
368,voh,-20.97,164.7,75.24,52,39,4.36,NC,1590447839
369,rio claro,-22.41,-47.56,57.2,62,0,9.17,BR,1590447697
370,coahuayana,18.73,-103.68,80.6,51,20,11.41,MX,1590447840
371,tzucacab,20.07,-89.05,96.73,42,54,6.46,MX,1590447840
372,payo,-3.75,103.64,73.31,93,100,1.61,ID,1590447840
373,norwich,52.63,1.3,57.2,71,49,8.05,GB,1590447798
374,paramonga,-10.67,-77.83,66.24,82,24,3.91,PE,1590447840
375,inhambane,-23.86,35.38,68.31,78,0,11.54,MZ,1590447840
376,sur,22.57,59.53,85.05,64,0,6.04,OM,1590447840
377,bhanjanagar,19.93,84.58,81.1,80,61,2.64,IN,1590447841
378,visby,57.64,18.3,46.0,100,0,3.36,SE,1590447841
379,ulaanbaatar,47.91,106.88,41.0,65,68,4.12,MN,1590447665
380,cherskiy,68.75,161.3,45.66,52,0,6.31,RU,1590447841
381,lososina,49.0,140.31,49.21,73,100,5.12,RU,1590447841
382,vostok,46.49,135.88,54.55,73,81,1.19,RU,1590447841
383,kizilskoye,52.73,58.89,50.14,70,0,8.1,RU,1590447841
384,hailey,43.52,-114.32,66.2,37,20,6.93,US,1590447842
385,templin,53.12,13.5,48.99,78,7,4.07,DE,1590447843
386,derby,52.92,-1.48,55.99,58,47,9.17,GB,1590447779
387,mitu,1.2,-70.17,74.79,96,99,2.35,CO,1590447843
388,cabo san lucas,22.89,-109.91,88.0,26,5,11.41,MX,1590447604
389,dingle,11.0,122.67,82.87,75,9,3.15,PH,1590447844
390,coffs harbour,-30.3,153.13,66.2,59,40,14.99,AU,1590447844
391,valdemarpils,57.37,22.59,50.0,93,13,8.05,LV,1590447844
392,berezovyy,51.67,135.7,62.11,31,48,0.87,RU,1590447845
393,palu,-0.89,119.87,79.7,71,91,2.28,ID,1590447695
394,shakawe,-18.37,21.85,59.18,42,0,3.47,BW,1590447725
395,usevya,-7.1,31.23,64.47,70,0,1.07,TZ,1590447845
396,vagur,61.47,-6.81,48.34,85,0,25.1,FO,1590447845
397,tripoli,32.88,13.19,68.9,68,0,10.98,LY,1590447838
398,pochutla,15.74,-96.47,91.4,52,5,11.41,MX,1590447845
399,les cayes,18.2,-73.75,80.44,76,98,6.87,HT,1590447845
400,goderich,43.75,-81.72,82.0,73,26,8.63,CA,1590447845
401,valreas,44.38,4.99,68.0,52,59,23.04,FR,1590447846
402,sydney,-33.87,151.21,57.99,93,75,18.34,AU,1590447645
403,sorland,67.67,12.69,45.43,88,74,24.52,NO,1590447846
404,kristiansund,63.11,7.73,48.2,76,97,6.93,NO,1590447846
405,ushtobe,45.25,77.98,69.64,31,0,17.78,KZ,1590447846
406,salalah,17.02,54.09,86.0,84,75,5.82,OM,1590447846
407,ponta delgada,37.73,-25.67,64.4,82,20,12.75,PT,1590447846
408,nacala,-14.54,40.67,72.52,84,1,3.2,MZ,1590447847
409,qaqortoq,60.72,-46.03,42.8,60,71,16.11,GL,1590447594
410,beringovskiy,63.05,179.32,33.66,91,99,8.84,RU,1590447847
411,marataizes,-21.04,-40.82,72.73,89,91,3.04,BR,1590447847
412,bronnoysund,65.46,12.2,46.4,75,65,6.93,NO,1590447847
413,turbat,26.0,63.04,79.93,80,0,1.68,PK,1590447692
414,muromtsevo,56.37,75.24,68.72,64,11,11.7,RU,1590447847
415,imbituba,-28.24,-48.67,69.8,37,5,12.75,BR,1590447626
416,suar,29.03,79.05,86.94,16,0,5.84,IN,1590447848
417,san quintin,30.48,-115.95,70.39,64,20,13.65,MX,1590447848
418,lisburn,54.52,-6.04,59.0,72,91,9.17,GB,1590447848
419,biak,-0.91,122.88,77.74,87,100,2.91,ID,1590447848
420,anadyr,64.75,177.48,44.6,56,88,6.71,RU,1590447848
421,krasnyy oktyabr,56.12,38.88,44.17,93,17,2.91,RU,1590447848
422,lubawa,53.5,19.75,48.0,90,75,4.0,PL,1590447848
423,lazaro cardenas,17.96,-102.2,81.19,62,1,9.37,MX,1590447848
424,henties bay,-22.12,14.28,54.0,87,0,16.2,NA,1590447849
425,clifton,40.86,-74.16,73.0,60,1,6.93,US,1590447734
426,bucerias,20.75,-105.33,80.6,65,40,12.75,MX,1590447660
427,karlstad,59.38,13.5,50.0,93,1,3.36,SE,1590447849
428,maihar,24.27,80.75,87.75,20,100,8.97,IN,1590447849
429,iquique,-20.22,-70.14,64.4,68,25,8.05,CL,1590447849
430,korla,41.76,86.15,64.49,42,21,4.74,CN,1590447558
431,fortuna,40.6,-124.16,63.0,82,20,18.34,US,1590447849
432,san pedro,14.35,121.02,84.2,74,40,2.24,PH,1590447849
433,airai,-8.93,125.41,63.36,100,78,1.48,TL,1590447849
434,zaria,11.11,7.72,79.72,61,63,6.6,NG,1590447850
435,ambulu,-8.35,113.61,77.38,84,86,2.51,ID,1590447850
436,norman wells,65.28,-126.83,64.4,39,75,11.41,CA,1590447850
437,mogadishu,2.04,45.34,80.71,85,5,12.55,SO,1590447850
438,viedma,-40.81,-63.0,50.11,74,7,4.81,AR,1590447850
439,mitsamiouli,-11.38,43.28,78.91,73,0,9.31,KM,1590447850
440,upata,8.01,-62.4,88.0,63,94,5.99,VE,1590447852
441,husavik,66.04,-17.34,46.4,70,75,21.92,IS,1590447852
442,asyut,27.18,31.18,71.6,37,0,11.41,EG,1590447552
443,mwinilunga,-11.74,24.43,58.73,65,10,1.5,ZM,1590447852
444,acari,-15.43,-74.62,70.63,56,0,2.95,PE,1590447852
445,lumberton,34.62,-79.01,78.8,65,75,5.82,US,1590447852
446,barentu,15.11,37.59,84.13,22,3,7.4,ER,1590447852
447,tongliao,43.61,122.27,58.62,53,14,11.83,CN,1590447587
448,chara,56.91,118.26,62.24,42,74,3.62,RU,1590447853
449,christchurch,-43.53,172.63,53.01,87,12,8.05,NZ,1590447853
450,mayor pablo lagerenza,-19.93,-60.77,64.81,47,0,4.41,PY,1590447853
451,akdepe,42.06,59.38,71.6,49,0,4.7,TM,1590447854
452,ostrovnoy,68.05,39.51,39.92,72,68,2.62,RU,1590447854
453,pahrump,36.21,-115.98,91.99,10,0,4.0,US,1590447595
454,alofi,-19.06,-169.92,80.6,65,40,10.29,NU,1590447855
455,comodoro rivadavia,-45.87,-67.5,50.0,81,28,11.41,AR,1590447650
456,shumskiy,54.83,99.13,61.12,61,94,5.88,RU,1590447855
457,telimele,10.92,-13.33,73.56,89,0,2.68,GN,1590447855
458,dunedin,-45.87,170.5,51.01,73,83,13.0,NZ,1590447606
459,valparaiso,-33.04,-71.63,57.2,100,90,4.7,CL,1590447856
460,cocorit,27.58,-109.97,91.4,22,5,9.17,MX,1590447856
461,paita,-5.09,-81.11,68.85,83,63,12.84,PE,1590447856
462,kabare,-2.47,28.82,60.04,84,33,0.36,CD,1590447856
463,griffith,41.53,-87.42,87.8,61,1,8.5,US,1590447857
464,ludza,56.55,27.72,45.34,93,0,3.09,LV,1590447857
465,karuzi,-3.12,30.13,58.32,92,4,2.24,BI,1590447857
466,polyarnyy,69.2,33.45,39.2,64,87,2.24,RU,1590447857
467,tawau,4.25,117.89,75.2,100,20,3.8,MY,1590447806
468,greenwood,34.17,-82.12,77.0,88,40,3.36,US,1590447857
469,princeton,25.54,-80.41,80.01,88,90,4.7,US,1590447779
470,ballina,-28.87,153.57,62.01,72,17,6.93,AU,1590447857
471,isahaya,32.84,130.04,71.6,83,75,2.24,JP,1590447857
472,mayumba,-3.43,10.66,78.15,90,84,4.68,GA,1590447858
473,cascais,38.7,-9.42,66.0,76,0,11.56,PT,1590447858
474,camapua,-19.53,-54.04,58.78,64,0,4.18,BR,1590447858
475,bontang,0.13,117.5,78.76,90,20,4.41,ID,1590447858
476,tommot,58.96,126.29,64.18,47,0,2.59,RU,1590447858
477,padang,-0.95,100.35,79.88,71,85,3.4,ID,1590447716
478,san vicente,-26.62,-54.13,48.97,84,0,2.59,AR,1590447858
479,vendome,47.8,1.07,60.8,76,13,4.7,FR,1590447858
480,entre rios,-11.94,-38.08,72.41,97,20,4.25,BR,1590447859
481,abonnema,4.71,6.79,77.83,92,100,2.73,NG,1590447859
482,ambalavao,-21.83,46.93,59.25,85,75,2.86,MG,1590447859
483,burgeo,47.62,-57.62,43.77,69,94,7.72,CA,1590447859
484,lata,40.16,-8.33,66.0,85,0,3.6,PT,1590447859
485,yuli,9.7,10.27,76.33,83,98,3.18,NG,1590447859
486,beni suef,29.07,31.1,67.53,45,0,10.51,EG,1590447859
487,guanica,17.97,-66.91,84.0,68,91,3.0,PR,1590447859
488,yako,12.97,-2.27,92.43,35,75,7.11,BF,1590447859
489,laishevo,55.4,49.55,44.6,87,6,6.71,RU,1590447860
490,mareeba,-17.0,145.43,63.0,70,33,1.99,AU,1590447860
491,alta floresta,-9.88,-56.09,72.07,93,52,2.28,BR,1590447622
492,carauari,-4.88,-66.9,78.15,74,49,2.26,BR,1590447625
493,sturgeon bay,44.83,-87.38,73.4,73,1,17.22,US,1590447785
494,berdigestyakh,62.1,126.7,66.34,37,54,5.53,RU,1590447860
495,athabasca,54.72,-113.29,67.19,50,100,0.67,CA,1590447860
496,homa bay,-0.53,34.46,65.93,83,0,5.53,KE,1590447860
497,constitucion,-35.33,-72.42,64.02,44,9,7.18,CL,1590447861
498,kedougou,12.56,-12.17,87.3,17,0,1.81,SN,1590447861
499,zhigalovo,54.81,105.16,58.41,69,18,3.89,RU,1590447861
500,salvador,13.83,-88.92,89.6,62,20,9.17,SV,1590447861
501,binabalian,16.42,119.93,85.03,72,39,5.77,PH,1590447861
502,necochea,-38.55,-58.74,54.0,85,99,13.0,AR,1590447861
503,ilulissat,69.22,-51.1,28.4,79,62,4.7,GL,1590447861
504,bemidji,47.47,-94.88,78.01,56,1,8.05,US,1590447861
505,comal,29.82,-98.3,75.0,82,70,8.32,US,1590447862
506,catuday,16.29,119.81,83.26,74,98,4.88,PH,1590447862
507,lingig,8.04,126.41,81.18,78,92,4.61,PH,1590447862
508,araouane,18.9,-3.53,87.28,13,0,7.74,ML,1590447862
509,los llanos de aridane,28.66,-17.92,75.0,88,6,12.75,ES,1590447862
510,hoopstad,-27.83,25.91,49.91,50,47,11.5,ZA,1590447862
511,salinas,36.68,-121.66,82.4,41,1,14.99,US,1590447863
512,tazovskiy,67.47,78.7,34.0,90,22,9.44,RU,1590447863
513,toucheng,24.86,121.82,82.4,78,40,2.24,TW,1590447863
514,koulamoutou,-1.13,12.47,73.62,95,99,2.3,GA,1590447863
515,abu samrah,35.3,37.18,62.87,57,0,2.59,SY,1590447601
516,cooma,-36.23,149.13,42.8,100,87,11.41,AU,1590447863
517,astana,51.18,71.45,75.99,68,0,4.47,KZ,1590447863
518,rocha,-34.48,-54.33,55.04,71,62,20.74,UY,1590447664
519,sistranda,63.73,8.83,48.2,87,79,3.36,NO,1590447864
520,areia branca,-4.96,-37.14,79.86,82,1,9.4,BR,1590447765
521,coquimbo,-29.95,-71.34,57.2,87,75,6.93,CL,1590447864
522,neiafu,-18.65,-173.98,80.6,65,20,6.93,TO,1590447864
523,ramgarh,23.63,85.52,84.2,74,40,4.7,IN,1590447864
524,pangkalanbuun,-2.68,111.62,76.35,95,44,1.77,ID,1590447837
525,casablanca,33.59,-7.62,75.0,94,0,4.7,MA,1590447617
526,alice springs,-23.7,133.88,55.4,50,90,5.82,AU,1590447574
527,cangucu,-31.39,-52.68,59.0,74,89,13.0,BR,1590447610
528,kankan,10.39,-9.31,80.8,67,31,4.99,GN,1590447865
529,waingapu,-9.66,120.26,79.25,82,89,2.86,ID,1590447865
530,valley station,38.11,-85.87,77.0,83,90,11.41,US,1590447865
531,outjo,-20.12,16.15,51.64,56,35,6.06,NA,1590447865
532,pekalongan,-6.89,109.68,79.92,76,98,3.69,ID,1590447865
533,camopi,3.17,-52.32,75.47,96,96,2.8,GF,1590447865
534,cochrane,51.18,-114.47,63.0,39,90,8.05,CA,1590447681
535,aswan,24.09,32.91,75.36,19,0,13.09,EG,1590447866
536,jalu,29.03,21.55,72.73,37,0,10.96,LY,1590447615
537,sulangan,11.14,123.72,83.68,79,23,7.0,PH,1590447866
538,saint simons,31.14,-81.39,78.8,83,75,13.87,US,1590447866
539,davila,18.47,120.58,77.0,94,75,4.7,PH,1590447866
540,bengbu,32.94,117.36,67.95,74,100,4.27,CN,1590447866
541,rio grande,-32.03,-52.1,57.99,78,88,15.99,BR,1590447866
542,yumen,40.28,97.2,52.07,64,96,21.25,CN,1590447867
543,singaraja,-8.11,115.09,80.98,75,100,2.73,ID,1590447867
544,saint george,37.1,-113.58,86.0,12,1,9.17,US,1590447867
545,pimentel,-6.84,-79.93,67.93,84,41,10.8,PE,1590447867
546,presidencia roque saenz pena,-26.79,-60.44,56.64,65,0,5.84,AR,1590447867
547,tobol,52.68,62.58,53.74,67,0,12.44,KZ,1590447868
548,kyren,51.68,102.14,57.83,53,75,0.94,RU,1590447868
549,marquard,-28.66,27.43,43.95,57,55,7.94,ZA,1590447868
550,praia da vitoria,38.73,-27.07,64.4,88,20,9.24,PT,1590447868
551,pemba,-12.97,40.52,76.69,77,2,6.46,MZ,1590447868
552,bembereke,10.23,2.66,77.16,79,100,6.73,BJ,1590447868
553,baherden,38.44,57.43,77.0,37,0,4.9,TM,1590447868
554,port-cartier,50.03,-66.87,59.0,47,75,9.17,CA,1590447868
555,waw,7.7,28.0,76.15,73,100,1.39,SS,1590447868
556,camacha,33.08,-16.33,64.4,82,20,5.82,PT,1590447869
557,paamiut,61.99,-49.67,34.34,88,90,10.67,GL,1590447784
558,yatou,37.15,122.38,60.35,84,100,4.65,CN,1590447869
559,neuquen,-38.95,-68.06,60.8,38,0,4.7,AR,1590447869
560,honiara,-9.43,159.95,86.0,74,20,4.7,SB,1590447680
561,maputo,-25.97,32.59,71.01,51,2,8.99,MZ,1590447869
562,oktyabrskiy,54.48,53.47,46.24,84,2,1.74,RU,1590447869
563,utena,55.5,25.6,46.31,93,0,5.5,LT,1590447869
564,cruzilia,-21.84,-44.81,49.59,84,0,5.21,BR,1590447869
565,riyadh,24.69,46.72,86.0,35,0,5.82,SA,1590447677
566,olinda,-8.01,-34.86,80.6,83,20,5.82,BR,1590447631
567,shimoda,34.67,138.95,66.0,84,87,1.99,JP,1590447870
568,machali,-34.18,-70.67,71.6,40,0,4.7,CL,1590447870
569,luau,-10.71,22.22,63.93,61,1,2.37,AO,1590447870
570,roma,43.21,-75.46,80.6,57,1,3.36,US,1590447799
571,jacareacanga,-6.22,-57.75,75.7,89,38,2.1,BR,1590447870
572,salinopolis,-0.61,-47.36,79.77,81,3,9.42,BR,1590447870
